Round,Investment_Year,Status,Investment_Amount,Entry_Valuation,Initial_Ownership_%,Final_Ownership_%_at_IPO,Exit_Value_at_IPO,Absolute_Return,MOIC,IRR_%,Holding_Period_Years
Seed,2015,COMPLETED,250000,1000000,25.0,9.018867230880002,21645281.354112003,21395281.354112003,86.58112541644802,34.6361079018553,15
Series A,2017,COMPLETED,2000000,7000000,28.57,14.429177476480001,34630025.943552,32630025.943552002,17.315012971776,24.526933585492362,13
Series B,2026,OPENING 2026,8000000,33000000,24.24,16.1593536,38782448.63999999,30782448.639999993,4.847806079999999,48.38373881037863,4
Series C,2028,PLANNED 2028,20000000,100000000,20.0,16.666,39998400.0,19998400.0,1.99992,41.41852778189992,2
