Milestone,Founders,Seed_Investors,Series_A_Investors,Series_B_Investors,Series_C_Investors,IPO_Public
2015_Post_Seed,75.0,25.0,0.0,0.0,0.0,0.0
2017_Post_Series_A,53.5725,17.857499999999998,28.57,0.0,0.0,0.0
2026_Post_Series_B,40.586526,13.528842,21.644632,24.24,0.0,0.0
2028_Post_Series_C,32.4692208,10.8230736,17.3157056,19.392,20.0,0.0
2030_Post_IPO,27.056601692640005,9.018867230880002,14.429177476480001,16.1593536,16.666,16.67
