Exit_Scenario,Exit_Year,Holding_Period,Exit_Valuation,Ownership_at_Exit_%,Exit_Value,MOIC,IRR_%
Early Exit (Series C - 2028),2028,2,100000000,19.392,19391999.999999996,2.4239999999999995,55.69200364822851
Hold to IPO (2030),2030,4,240000000,16.1593536,38782448.63999999,4.847806079999999,48.38373881037863
